Workbook

Sheet Sheet1
A1: Activity ID | B1: Activity Name | C1: Original Duration | D1: Weightage | E1: BL Start | F1: BL Finish | G1: Plan % DD | H1: SBCM Prev Actual | I1: Weekly % | J1: SBCM Actual Progress | K1: Saudi consultant Progress | L1: Justification from SBCM | M1: Comment from the Consultant
D2: =SUM(D5:D1560) -> 100
A3: KAFD00330 | 6.36 | SBC | Revised Baseline-R00 | C3: 547 | E3: 45931 | F3: 46477 | G3: =SUMPRODUCT($D$6:$D$1560,G6:G1560)/($D$2) -> 0.2342476 | H3: =SUMPRODUCT(D6:D1560,H6:H1560)/(D2) -> 0.45974264 | I3: =IFERROR(J3-H3,0) -> 0.0093895165 | J3: =SUMPRODUCT($D$6:$D$1560,J6:J1560)/($D$2) -> 0.46913216
A4: Project Milestones | C4: 547 | E4: 45931 | F4: 46477
A5: Key Milestone | C5: 547 | E5: 45931 | F5: 46477
A6: MS.COM.GEN.1000 | B6: Commencement date | C6: 0 | E6: 45931
A7: MS.COM.GEN.1005 | B7: Project Completion | C7: 0 | F7: 46477
A8: Control Milestone | C8: 229 | E8: 46231 | F8: 46460
A9: MS.COM.GEN.1015 | B9: Completion of Shop Drawings | C9: 0 | F9: 46231
A10: MS.COM.GEN.1045 | B10: Completion of Material Delivery | C10: 0 | F10: 46380
A11: MS.COM.GEN.1030 | B11: Completion of Intermediate Pump Station Construction Works | C11: 0 | F11: 46382
A12: MS.COM.GEN.1035 | B12: Completion of Collection system Construction Works | C12: 0 | F12: 46406
A13: MS.COM.GEN.1025 | B13: Completion of Mobilization Works | C13: 0 | F13: 46429
A14: MS.COM.GEN.1040 | B14: Completion of RO Plaint Construction Works | C14: 0 | F14: 46460
A15: General (Preliminaries and Mobilization) | C15: 547 | E15: 45931 | F15: 46477 | G15: =SUMPRODUCT($D$17:$D$28,G17:G28)/SUM($D$17:$D$28) -> 0.13374569 | H15: =SUMPRODUCT($D$17:$D$28,H17:H28)/SUM($D$17:$D$28) -> 0.55136826 | I15: =IFERROR(J15-H15,0) -> 0.0074335426 | J15: =SUMPRODUCT($D$17:$D$28,J17:J28)/SUM($D$17:$D$28) -> 0.5588018
A16: Mobilization Works | C16: 89 | E16: 46327 | F16: 46429
A17: MO.GEN.D01.1015 | B17: Site Offices Furnitures | C17: 12 | D17: 1.2252287 | E17: 46327 | F17: 46340 | G17: =VLOOKUP(A17,Sheet2!A:G,7,) -> 0 | H17: 0.1401 | I17: =IFERROR(J17-H17,0) -> 0 | J17: =VLOOKUP(A17,Sheet2!A:H,8,) -> 0.1401
A18: MO.GEN.D01.1005 | B18: Site Access, Routes & Directive Signage | C18: 10 | D18: 0.032128017 | E18: 46341 | F18: 46351 | G18: =VLOOKUP(A18,Sheet2!A:G,7,) -> 0 | H18: 0.4164 | I18: =IFERROR(J18-H18,0) -> 0 | J18: =VLOOKUP(A18,Sheet2!A:H,8,) -> 0.4164
A19: MO.GEN.D01.1030 | B19: Temporary Facilities and Devices for Offices | C19: 20 | D19: 1.2771556 | E19: 46341 | F19: 46363 | G19: =VLOOKUP(A19,Sheet2!A:G,7,) -> 0 | H19: 0.0697 | I19: =IFERROR(J19-H19,0) -> 0 | J19: =VLOOKUP(A19,Sheet2!A:H,8,) -> 0.0697
A20: MO.GEN.D01.1006 | B20: Waste Disposal & Enviremental Protection | C20: 15 | D20: 0.58044617 | E20: 46352 | F20: 46369 | G20: =VLOOKUP(A20,Sheet2!A:G,7,) -> 0 | H20: 0.4602 | I20: =IFERROR(J20-H20,0) -> 0 | J20: =VLOOKUP(A20,Sheet2!A:H,8,) -> 0.4602
A21: MO.GEN.D01.1011 | B21: Temporary Utilities Installation | C21: 25 | D21: 0.32663484 | E21: 46364 | F21: 46392 | G21: =VLOOKUP(A21,Sheet2!A:G,7,) -> 0 | H21: 0.12 | I21: =IFERROR(J21-H21,0) -> 0 | J21: =VLOOKUP(A21,Sheet2!A:H,8,) -> 0.12
A22: MO.GEN.D01.1007 | B22: Administrative Site Offices and Facilities | C22: 30 | D22: 1.0596891 | E22: 46370 | F22: 46404 | G22: =VLOOKUP(A22,Sheet2!A:G,7,) -> 0 | H22: 0.12 | I22: =IFERROR(J22-H22,0) -> 0 | J22: =VLOOKUP(A22,Sheet2!A:H,8,) -> 0.12
A23: MO.GEN.D01.1008 | B23: Site Laboratory | C23: 12 | D23: 0.23292812 | E23: 46405 | F23: 46418 | G23: =VLOOKUP(A23,Sheet2!A:G,7,) -> 0 | H23: 0.15 | I23: =IFERROR(J23-H23,0) -> 0 | J23: =VLOOKUP(A23,Sheet2!A:H,8,) -> 0.15
A24: MO.GEN.D01.1009 | B24: Temporary roads and Signs | C24: 10 | D24: 0.34269885 | E24: 46419 | F24: 46429 | G24: =VLOOKUP(A24,Sheet2!A:G,7,) -> 0 | H24: 0.4602 | I24: =IFERROR(J24-H24,0) -> 0 | J24: =VLOOKUP(A24,Sheet2!A:H,8,) -> 0.4602
A25: General Requirements | C25: 547 | E25: 45931 | F25: 46477
A26: GN.GEN.D01.1020 | B26: Performance Security | C26: 15 | D26: 0.60240032 | E26: 46062 | F26: 46076 | G26: =VLOOKUP(A26,Sheet2!A:G,7,) -> 0 | H26: 1 | I26: =IFERROR(J26-H26,0) -> 0 | J26: =VLOOKUP(A26,Sheet2!A:H,8,) -> 1
A27: GN.GEN.D01.1025 | B27: Advance Payment Security | C27: 20 | D27: 0.60240032 | E27: 46077 | F27: 46096 | G27: =VLOOKUP(A27,Sheet2!A:G,7,) -> 0 | H27: 1 | I27: =IFERROR(J27-H27,0) -> 0 | J27: =VLOOKUP(A27,Sheet2!A:H,8,) -> 1
A28: GN.GEN.D01.1010 | B28: Preliminaries for contractors and administrative works | C28: 547 | D28: 8.7013379 | E28: 45931 | F28: 46477 | G28: =VLOOKUP(A28,Sheet2!A:G,7,) -> 0.2303 | H28: 0.7075 | I28: =IFERROR(J28-H28,0) -> 0.0128 | J28: =VLOOKUP(A28,Sheet2!A:H,8,) -> 0.7203
A29: Engineering | C29: 301 | E29: 45931 | F29: 46231 | G29: =SUMPRODUCT($D$33:$D$278,G33:G278)/SUM($D$33:$D$278) -> 0.45051724 | H29: =SUMPRODUCT($D$33:$D$278,H33:H278)/SUM($D$33:$D$278) -> 0.95544646 | I29: =IFERROR(J29-H29,0) -> 0.0016237914 | J29: =SUMPRODUCT($D$33:$D$278,J33:J278)/SUM($D$33:$D$278) -> 0.95707026
A30: RO Plant | C30: 294 | E30: 45931 | F30: 46224
A31: RO Plant Shop Drawing Submittal | C31: 228 | E31: 45931 | F31: 46204
A32: Earthworks Shop Drawing Submittal | C32: 60 | E32: 45931 | F32: 46000
A33: EN.RO.D31.SDS.1215 | B33: RO l Submission of Excavation Works shop drawing | C33: 20 | D33: 0.042351875 | E33: 45931 | F33: 45953 | G33: =VLOOKUP(A33,Sheet2!A:G,7,) -> 1 | H33: 1 | I33: =IFERROR(J33-H33,0) -> 0 | J33: =VLOOKUP(A33,Sheet2!A:H,8,) -> 1
A34: EN.RO.D31.SDS.1220 | B34: RO l Submission of Concrete Piles shop drawing | C34: 20 | D34: 0.10857193 | E34: 45955 | F34: 45977 | G34: =VLOOKUP(A34,Sheet2!A:G,7,) -> 1 | H34: 1 | I34: =IFERROR(J34-H34,0) -> 0 | J34: =VLOOKUP(A34,Sheet2!A:H,8,) -> 1
A35: EN.RO.D31.SDS.1225 | B35: RO l Submission of Prestressed anchors shop drawing | C35: 20 | D35: 0.012393463 | E35: 45978 | F35: 46000 | G35: =VLOOKUP(A35,Sheet2!A:G,7,) -> 1 | H35: 1 | I35: =IFERROR(J35-H35,0) -> 0 | J35: =VLOOKUP(A35,Sheet2!A:H,8,) -> 1
A36: Concrete Shop Drawing Submittal | C36: 122 | E36: 46001 | F36: 46147
A37: EN.RO.D03.SDS.1000 | B37: RO l Submission of Raft Foundation shop drawing | C37: 12 | D37: 0.11607215 | E37: 46001 | F37: 46014 | G37: =VLOOKUP(A37,Sheet2!A:G,7,) -> 1 | H37: 1 | I37: =IFERROR(J37-H37,0) -> 0 | J37: =VLOOKUP(A37,Sheet2!A:H,8,) -> 1
A38: EN.RO.D03.SDS.1005 | B38: RO l Submission of Tank walls shop drawing | C38: 18 | D38: 0.41078602 | E38: 46015 | F38: 46035 | G38: =VLOOKUP(A38,Sheet2!A:G,7,) -> 1 | H38: 1 | I38: =IFERROR(J38-H38,0) -> 0 | J38: =VLOOKUP(A38,Sheet2!A:H,8,) -> 1
A39: EN.RO.D03.SDS.1050 | B39: RO l Submission of Tank slab shop drawing | C39: 8 | D39: 0.061765911 | E39: 46036 | F39: 46044 | G39: =VLOOKUP(A39,Sheet2!A:G,7,) -> 1 | H39: 1 | I39: =IFERROR(J39-H39,0) -> 0 | J39: =VLOOKUP(A39,Sheet2!A:H,8,) -> 1
A40: EN.RO.D03.SDS.1010 | B40: RO l Submission of Columns shop drawing Gf | C40: 6 | D40: 0.0041984608 | E40: 46046 | F40: 46051 | G40: =VLOOKUP(A40,Sheet2!A:G,7,) -> 1 | H40: 1 | I40: =IFERROR(J40-H40,0) -> 0 | J40: =VLOOKUP(A40,Sheet2!A:H,8,) -> 1
A41: EN.RO.D03.SDS.1030 | B41: RO l Submission of Concrete Slab shop drawing GF | C41: 8 | D41: 0.022795139 | E41: 46053 | F41: 46061 | G41: =VLOOKUP(A41,Sheet2!A:G,7,) -> 0.375 | H41: 1 | I41: =IFERROR(J41-H41,0) -> 0 | J41: =VLOOKUP(A41,Sheet2!A:H,8,) -> 1
A42: EN.RO.D03.SDS.1015 | B42: RO l Submission of Columns shop drawing 1st | C42: 6 | D42: 0.0020992304 | E42: 46062 | F42: 46068 | G42: =VLOOKUP(A42,Sheet2!A:G,7,) -> 0 | H42: 1 | I42: =IFERROR(J42-H42,0) -> 0 | J42: =VLOOKUP(A42,Sheet2!A:H,8,) -> 1
A43: EN.RO.D03.SDS.1035 | B43: RO l Submission of Concrete Slab shop drawing 1st | C43: 8 | D43: 0.011397569 | E43: 46069 | F43: 46078 | G43: =VLOOKUP(A43,Sheet2!A:G,7,) -> 0 | H43: 1 | I43: =IFERROR(J43-H43,0) -> 0 | J43: =VLOOKUP(A43,Sheet2!A:H,8,) -> 1
A44: EN.RO.D03.SDS.1025 | B44: RO l Submission of Slab on grade shop drawing | C44: 10 | D44: 0.010465208 | E44: 46069 | F44: 46081 | G44: =VLOOKUP(A44,Sheet2!A:G,7,) -> 0 | H44: 1 | I44: =IFERROR(J44-H44,0) -> 0 | J44: =VLOOKUP(A44,Sheet2!A:H,8,) -> 1
A45: EN.RO.D03.SDS.1020 | B45: RO l Submission of Columns shop drawing 2nd | C45: 6 | D45: 0.0020992304 | E45: 46079 | F45: 46085 | G45: =VLOOKUP(A45,Sheet2!A:G,7,) -> 0 | H45: 1 | I45: =IFERROR(J45-H45,0) -> 0 | J45: =VLOOKUP(A45,Sheet2!A:H,8,) -> 1
A46: EN.RO.D03.SDS.1040 | B46: RO l Submission of Concrete Slab shop drawing 2nd | C46: 18 | D46: 0.011397569 | E46: 46086 | F46: 46110 | G46: =VLOOKUP(A46,Sheet2!A:G,7,) -> 0 | H46: 1 | I46: =IFERROR(J46-H46,0) -> 0 | J46: =VLOOKUP(A46,Sheet2!A:H,8,) -> 1
A47: EN.RO.D03.SDS.1045 | B47: RO l Submission of Floor & Roof screed shop drawing | C47: 18 | D47: 0.0051460355 | E47: 46127 | F47: 46147 | G47: =VLOOKUP(A47,Sheet2!A:G,7,) -> 0 | H47: 1 | I47: =IFERROR(J47-H47,0) -> 0 | J47: =VLOOKUP(A47,Sheet2!A:H,8,) -> 1
A48: Masonry Shop Drawing Submittal | C48: 21 | E48: 46062 | F48: 46086
A49: EN.RO.D04.SDS.1055 | B49: RO l Submission of Masonary works shop drawing | C49: 14 | D49: 0.0086286156 | E49: 46062 | F49: 46078 | G49: =VLOOKUP(A49,Sheet2!A:G,7,) -> 0 | H49: 1 | I49: =IFERROR(J49-H49,0) -> 0 | J49: =VLOOKUP(A49,Sheet2!A:H,8,) -> 1
A50: EN.RO.D04.SDS.1060 | B50: RO l Submission of Stone cladding shop drawing | C50: 7 | D50: 0.0097312101 | E50: 46079 | F50: 46086 | G50: =VLOOKUP(A50,Sheet2!A:G,7,) -> 0 | H50: 1 | I50: =IFERROR(J50-H50,0) -> 0 | J50: =VLOOKUP(A50,Sheet2!A:H,8,) -> 1
A51: Metal Shop Drawing Submittal | C51: 14 | E51: 46111 | F51: 46126
A52: EN.RO.D05.SDS.1065 | B52: RO l Submission of Structural steel works | C52: 14 | D52: 0.019281097 | E52: 46111 | F52: 46126 | G52: =VLOOKUP(A52,Sheet2!A:G,7,) -> 0 | H52: 1 | I52: =IFERROR(J52-H52,0) -> 0 | J52: =VLOOKUP(A52,Sheet2!A:H,8,) -> 1
A53: Thermal Protection Shop Drawing Submittal | C53: 38 | E53: 46098 | F53: 46145
A54: EN.RO.D07.SDS.1080 | B54: RO l Submission of Concrete tiles shop drawing | C54: 16 | D54: 0.0036253535 | E54: 46098 | F54: 46119 | G54: =VLOOKUP(A54,Sheet2!A:G,7,) -> 0 | H54: 1 | I54: =IFERROR(J54-H54,0) -> 0 | J54: =VLOOKUP(A54,Sheet2!A:H,8,) -> 1
A55: EN.RO.D07.SDS.1070 | B55: RO l Submission of Aluminium panels cladding shop drawing | C55: 12 | D55: 0.017121555 | E55: 46127 | F55: 46140 | G55: =VLOOKUP(A55,Sheet2!A:G,7,) -> 0 | H55: 1 | I55: =IFERROR(J55-H55,0) -> 0 | J55: =VLOOKUP(A55,Sheet2!A:H,8,) -> 1
A56: EN.RO.D07.SDS.1075 | B56: RO l Submission of Canopy aluminium cladding shop drawing | C56: 16 | D56: 0.016399515 | E56: 46127 | F56: 46145 | G56: =VLOOKUP(A56,Sheet2!A:G,7,) -> 0 | H56: 1 | I56: =IFERROR(J56-H56,0) -> 0 | J56: =VLOOKUP(A56,Sheet2!A:H,8,) -> 1
A57: Openings Shop Drawing Submittal | C57: 12 | E57: 46098 | F57: 46114
A58: EN.RO.D08.SDS.1085 | B58: RO l Submission of Steel doors shop drawing | C58: 12 | D58: 0.011338398 | E58: 46098 | F58: 46114 | G58: =VLOOKUP(A58,Sheet2!A:G,7,) -> 0 | H58: 1 | I58: =IFERROR(J58-H58,0) -> 0 | J58: =VLOOKUP(A58,Sheet2!A:H,8,) -> 1
A59: EN.RO.D08.SDS.1090 | B59: RO l Submission of Aluminum windows & Louvers shop drawing | C59: 12 | D59: 0.0021772062 | E59: 46098 | F59: 46114 | G59: =VLOOKUP(A59,Sheet2!A:G,7,) -> 0 | H59: 1 | I59: =IFERROR(J59-H59,0) -> 0 | J59: =VLOOKUP(A59,Sheet2!A:H,8,) -> 1
A60: Finishes Shop Drawing Submittal | C60: 30 | E60: 46062 | F60: 46097
A61: EN.RO.D09.SDS.1095 | B61: RO l Submission of Gypsum board Works shop drawing | C61: 16 | D61: 0.0086831904 | E61: 46062 | F61: 46081 | G61: =VLOOKUP(A61,Sheet2!A:G,7,) -> 0 | H61: 1 | I61: =IFERROR(J61-H61,0) -> 0 | J61: =VLOOKUP(A61,Sheet2!A:H,8,) -> 1
A62: EN.RO.D09.SDS.1100 | B62: RO l Submission of Floor Works shop drawing | C62: 16 | D62: 0.0050601196 | E62: 46079 | F62: 46097 | G62: =VLOOKUP(A62,Sheet2!A:G,7,) -> 0 | H62: 1 | I62: =IFERROR(J62-H62,0) -> 0 | J62: =VLOOKUP(A62,Sheet2!A:H,8,) -> 1
A63: Elevator Shop Drawing Submittal | C63: 10 | E63: 46133 | F63: 46144
A64: EN.RO.D14.SDS.1105 | B64: RO l Submission of Elevators shop drawing | C64: 10 | D64: 0.0038902249 | E64: 46133 | F64: 46144 | G64: =VLOOKUP(A64,Sheet2!A:G,7,) -> 0 | H64: 1 | I64: =IFERROR(J64-H64,0) -> 0 | J64: =VLOOKUP(A64,Sheet2!A:H,8,) -> 1
A65: Fire Supperssion Shop Drawing Submittal | C65: 64 | E65: 46082 | F65: 46159
A66: EN.RO.D21.SDS.1115 | B66: RO l Submission of Fire Suppression shop drawing GF | C66: 10 | D66: 0.021658885 | E66: 46082 | F66: 46092 | G66: =VLOOKUP(A66,Sheet2!A:G,7,) -> 0 | H66: 1 | I66: =IFERROR(J66-H66,0) -> 0 | J66: =VLOOKUP(A66,Sheet2!A:H,8,) -> 1
A67: EN.RO.D21.SDS.1120 | B67: RO l Submission of Fire Suppression shop drawing 1st | C67: 10 | D67: 0.010829442 | E67: 46093 | F67: 46107 | G67: =VLOOKUP(A67,Sheet2!A:G,7,) -> 0 | H67: 1 | I67: =IFERROR(J67-H67,0) -> 0 | J67: =VLOOKUP(A67,Sheet2!A:H,8,) -> 1
A68: EN.RO.D21.SDS.1125 | B68: RO l Submission of Fire Suppression shop drawing 2nd | C68: 10 | D68: 0.010829442 | E68: 46109 | F68: 46119 | G68: =VLOOKUP(A68,Sheet2!A:G,7,) -> 0 | H68: 1 | I68: =IFERROR(J68-H68,0) -> 0 | J68: =VLOOKUP(A68,Sheet2!A:H,8,) -> 1
A69: EN.RO.D21.SDS.1110 | B69: RO l Submission of Fire Suppression for Pump room shop drawing | C69: 10 | D69: 0.026081398 | E69: 46148 | F69: 46159 | G69: =VLOOKUP(A69,Sheet2!A:G,7,) -> 0 | H69: 1 | I69: =IFERROR(J69-H69,0) -> 0 | J69: =VLOOKUP(A69,Sheet2!A:H,8,) -> 1
A70: Plumbing Shop Drawing Submittal | C70: 39 | E70: 46082 | F70: 46130
A71: EN.RO.D22.SDS.1145 | B71: RO l Submission of Sanitary Pipes shop drawing | C71: 12 | D71: 0.0022254314 | E71: 46082 | F71: 46095 | G71: =VLOOKUP(A71,Sheet2!A:G,7,) -> 0 | H71: 1 | I71: =IFERROR(J71-H71,0) -> 0 | J71: =VLOOKUP(A71,Sheet2!A:H,8,) -> 1
A72: EN.RO.D22.SDS.1135 | B72: RO l Submission of Domestic water piping shop drawing | C72: 10 | D72: 0.0045460932 | E72: 46096 | F72: 46110 | G72: =VLOOKUP(A72,Sheet2!A:G,7,) -> 0 | H72: 1 | I72: =IFERROR(J72-H72,0) -> 0 | J72: =VLOOKUP(A72,Sheet2!A:H,8,) -> 1
A73: EN.RO.D22.SDS.1140 | B73: RO l Submission of Plumbing Valves shop drawing | C73: 7 | D73: 0.0098344692 | E73: 46111 | F73: 46118 | G73: =VLOOKUP(A73,Sheet2!A:G,7,) -> 0 | H73: 1 | I73: =IFERROR(J73-H73,0) -> 0 | J73: =VLOOKUP(A73,Sheet2!A:H,8,) -> 1
A74: EN.RO.D22.SDS.1130 | B74: RO l Submission of Vibration & Seismic controls For Plumbingshop drawing | C74: 10 | D74: 0.025990431 | E74: 46119 | F74: 46130 | G74: =VLOOKUP(A74,Sheet2!A:G,7,) -> 0 | H74: 1 | I74: =IFERROR(J74-H74,0) -> 0 | J74: =VLOOKUP(A74,Sheet2!A:H,8,) -> 1
A75: HVAC System Shop Drawing Submittal | C75: 36 | E75: 46079 | F75: 46124
A76: EN.RO.D23.SDS.1150 | B76: RO l Submission of HVAC System shop drawing GF | C76: 12 | D76: 0.042626769 | E76: 46079 | F76: 46092 | G76: =VLOOKUP(A76,Sheet2!A:G,7,) -> 0 | H76: 1 | I76: =IFERROR(J76-H76,0) -> 0 | J76: =VLOOKUP(A76,Sheet2!A:H,8,) -> 1
A77: EN.RO.D23.SDS.1155 | B77: RO l Submission of HVAC System shop drawing 1st | C77: 12 | D77: 0.021313385 | E77: 46093 | F77: 46110 | G77: =VLOOKUP(A77,Sheet2!A:G,7,) -> 0 | H77: 1 | I77: =IFERROR(J77-H77,0) -> 0 | J77: =VLOOKUP(A77,Sheet2!A:H,8,) -> 1
A78: EN.RO.D23.SDS.1160 | B78: RO l Submission of HVAC System shop drawing 2nd | C78: 12 | D78: 0.021313385 | E78: 46111 | F78: 46124 | G78: =VLOOKUP(A78,Sheet2!A:G,7,) -> 0 | H78: 1 | I78: =IFERROR(J78-H78,0) -> 0 | J78: =VLOOKUP(A78,Sheet2!A:H,8,) -> 1
A79: Electrical System Shop Drawing Submittal | C79: 43 | E79: 46079 | F79: 46132
A80: EN.RO.D26.SDS.1190 | B80: RO l Submission of lighting system shop drawing | C80: 9 | D80: 0.017398509 | E80: 46079 | F80: 46089 | G80: =VLOOKUP(A80,Sheet2!A:G,7,) -> 0 | H80: 1 | I80: =IFERROR(J80-H80,0) -> 0 | J80: =VLOOKUP(A80,Sheet2!A:H,8,) -> 1
A81: EN.RO.D26.SDS.1175 | B81: RO l Submission of Lightning & Earthing shop drawing | C81: 6 | D81: 0.0052246573 | E81: 46090 | F81: 46096 | G81: =VLOOKUP(A81,Sheet2!A:G,7,) -> 0 | H81: 1 | I81: =IFERROR(J81-H81,0) -> 0 | J81: =VLOOKUP(A81,Sheet2!A:H,8,) -> 1
A82: EN.RO.D26.SDS.1180 | B82: RO l Submission of Power system shop drawing | C82: 6 | D82: 0.0016278375 | E82: 46097 | F82: 46106 | G82: =VLOOKUP(A82,Sheet2!A:G,7,) -> 0 | H82: 1 | I82: =IFERROR(J82-H82,0) -> 0 | J82: =VLOOKUP(A82,Sheet2!A:H,8,) -> 1
A83: EN.RO.D26.SDS.1185 | B83: RO l Submission of Cable routing shop drawing | C83: 12 | D83: 0.05698458 | E83: 46107 | F83: 46120 | G83: =VLOOKUP(A83,Sheet2!A:G,7,) -> 0 | H83: 1 | I83: =IFERROR(J83-H83,0) -> 0 | J83: =VLOOKUP(A83,Sheet2!A:H,8,) -> 1
A84: EN.RO.D26.SDS.1165 | B84: RO l Submission of Panel board shop drawing | C84: 10 | D84: 0.014973473 | E84: 46121 | F84: 46132 | G84: =VLOOKUP(A84,Sheet2!A:G,7,) -> 0 | H84: 1 | I84: =IFERROR(J84-H84,0) -> 0 | J84: =VLOOKUP(A84,Sheet2!A:H,8,) -> 1
A85: EN.RO.D26.SDS.1170 | B85: RO l Submission of UPS System shop drawing | C85: 10 | D85: 0.008106731 | E85: 46121 | F85: 46132 | G85: =VLOOKUP(A85,Sheet2!A:G,7,) -> 0 | H85: 1 | I85: =IFERROR(J85-H85,0) -> 0 | J85: =VLOOKUP(A85,Sheet2!A:H,8,) -> 1
A86: Low Current Shop Drawing Submittal | C86: 12 | E86: 46121 | F86: 46134
A87: EN.RO.D27.SDS.1195 | B87: RO l Submission of Communication System shop drawing | C87: 12 | D87: 0.025573091 | E87: 46121 | F87: 46134 | G87: =VLOOKUP(A87,Sheet2!A:G,7,) -> 0 | H87: 1 | I87: =IFERROR(J87-H87,0) -> 0 | J87: =VLOOKUP(A87,Sheet2!A:H,8,) -> 1
A88: Security Shop Drawing Submittal | C88: 42 | E88: 46135 | F88: 46187
A89: EN.RO.D28.SDS.1205 | B89: RO l Submission of CCTV system shop drawing | C89: 14 | D89: 0.0071121186 | E89: 46135 | F89: 46151 | G89: =VLOOKUP(A89,Sheet2!A:G,7,) -> 0 | H89: 1 | I89: =IFERROR(J89-H89,0) -> 0 | J89: =VLOOKUP(A89,Sheet2!A:H,8,) -> 1
A90: EN.RO.D28.SDS.1210 | B90: RO l Submission of Fire alarm system shop drawing | C90: 14 | D90: 0.0040878355 | E90: 46152 | F90: 46167 | G90: =VLOOKUP(A90,Sheet2!A:G,7,) -> 0 | H90: 1 | I90: =IFERROR(J90-H90,0) -> 0 | J90: =VLOOKUP(A90,Sheet2!A:H,8,) -> 1
A91: EN.RO.D28.SDS.1200 | B91: RO l Submission of Access control shop drawing | C91: 14 | D91: 0.0043307983 | E91: 46172 | F91: 46187 | G91: =VLOOKUP(A91,Sheet2!A:G,7,) -> 0 | H91: 1 | I91: =IFERROR(J91-H91,0) -> 0 | J91: =VLOOKUP(A91,Sheet2!A:H,8,) -> 1
A92: Exterior Improvement Shop Drawing Submittal | C92: 18 | E92: 46111 | F92: 46131
A93: EN.RO.D32.SDS.1230 | B93: RO l Submission of Precast concrete shop drawing | C93: 18 | D93: 0.014153657 | E93: 46111 | F93: 46131 | G93: =VLOOKUP(A93,Sheet2!A:G,7,) -> 0 | H93: 0.5 | I93: =IFERROR(J93-H93,0) -> 0 | J93: =VLOOKUP(A93,Sheet2!A:H,8,) -> 0.5 | L93: subject to approval of calculations from KAFD
A94: Special System Shop Drawing Submittal | C94: 50 | E94: 46107 | F94: 46165
A95: EN.RO.D33.SDS.1235 | B95: RO l Submission of (BWRO) Plant shop drawing | C95: 50 | D95: 0.25770905 | E95: 46107 | F95: 46165 | G95: =VLOOKUP(A95,Sheet2!A:G,7,) -> 0 | H95: 1 | I95: =IFERROR(J95-H95,0) -> 0 | J95: =VLOOKUP(A95,Sheet2!A:H,8,) -> 1
A96: SCADA Shop Drawing Submittal | C96: 15 | E96: 46188 | F96: 46204
A97: EN.RO.D40.SDS.1240 | B97: RO l Submission of SCDA system shop drawing | C97: 15 | D97: 0.02512155 | E97: 46188 | F97: 46204 | G97: =VLOOKUP(A97,Sheet2!A:G,7,) -> 1 | H97: 0.5 | I97: =IFERROR(J97-H97,0) -> 0 | J97: =VLOOKUP(A97,Sheet2!A:H,8,) -> 0.5 | L97: Submitted
A98: RO Plant Shop Drawing Approval | C98: 186 | E98: 45956 | F98: 46224
A99: Concrete Shop Drawing Approval | C99: 105 | E99: 46015 | F99: 46167
A100: EN.RO.D03.SDA.1000 | B100: RO l Approval of Raft Foundation shop drawing | C100: 14 | D100: 0.11607215 | E100: 46015 | F100: 46034 | G100: =VLOOKUP(A100,Sheet2!A:G,7,) -> 1 | H100: 1 | I100: =IFERROR(J100-H100,0) -> 0 | J100: =VLOOKUP(A100,Sheet2!A:H,8,) -> 1
...

Sheet QT Segment (RC Wall)
B2: 1. Qunatity for RC WALLS
B3: Stage / Segment | C3: Hight | D3: Segment1 | E3: Chamfer | F3: Segment 2 | G3: Chamfer | H3: Segment 3 | I3: Chamfer | J3: Segment 4 | K3: Chamfer | L3: Segment 5 | M3: Chamfer | N3: Segment 6 | O3: Chamfer | P3: Segment 7 | Q3: Chamfer | R3: Segment 8 | S3: Chamfer | T3: Total
B4: Area (m2) | D4: 86.2142 | E4: =1/2*(0.6*1.2) -> 0.36 | F4: 117.4783 | G4: =1/2*(0.6*1.2) -> 0.36 | H4: 103.1957 | I4: =1/2*(0.6*1.2) -> 0.36 | J4: 53.7477 | K4: =1/2*(0.6*1.2) -> 0.36 | L4: =128.5367+13.5317+5.4 -> 147.4684 | M4: =1/2*(0.6*1.2) -> 0.36 | N4: 112.6832 | O4: =1/2*(0.6*1.2) -> 0.36 | P4: 77.8146 | Q4: =1/2*(0.6*1.2) -> 0.36 | R4: 97.5485 | S4: =1/2*(0.6*1.2) -> 0.36 | T4: =SUM(D4:R4) -> 798.6706
B5: Stage 1 (1.5m) | C5: 1.5 | D5: =$D$4*C5 -> 129.3213 | E5: =E4*96.37 -> 34.6932 | F5: =$F$4*C5 -> 176.21745 | G5: =G4*231.61 -> 83.3796 | H5: =$H$4*C5 -> 154.79355 | I5: =I4*127.86 -> 46.0296 | J5: =$J$4*C5 -> 80.62155 | K5: =K4*35.53 -> 12.7908 | L5: =$L$4*C5 -> 221.2026 | M5: =M4*206.57 -> 74.3652 | N5: =$N$4*C5 -> 169.0248 | O5: =O4*251.14 -> 90.4104 | P5: =$P$4*C5 -> 116.7219 | Q5: =Q4*178.28 -> 64.1808 | R5: =$R$4*C5 -> 146.32275 | S5: =S4*62.9 -> 22.644 | T5: =SUM(D5:S5) -> 1622.7195
B6: Stage 2 (4.3m) | C6: 4.3 | D6: =$D$4*C6 -> 370.72106 | F6: =$F$4*C6 -> 505.15669 | H6: =$H$4*C6 -> 443.74151 | J6: =$J$4*C6 -> 231.11511 | L6: =$L$4*C6 -> 634.11412 | N6: =$N$4*C6 -> 484.53776 | P6: =$P$4*C6 -> 334.60278 | R6: =$R$4*C6 -> 419.45855 | T6: =SUM(D6:S6) -> 3423.4476
B7: Stage 3 (4.3m) | C7: 4.3 | D7: =$D$4*C7 -> 370.72106 | F7: =$F$4*C7 -> 505.15669 | H7: =$H$4*C7 -> 443.74151 | J7: =$J$4*C7 -> 231.11511 | L7: =$L$4*C7 -> 634.11412 | N7: =$N$4*C7 -> 484.53776 | P7: =$P$4*C7 -> 334.60278 | R7: =$R$4*C7 -> 419.45855 | T7: =SUM(D7:S7) -> 3423.4476
B8: Stage 4 (4.7m) | C8: 4.7 | D8: =$D$4*C8 -> 405.20674 | F8: =$F$4*C8 -> 552.14801 | H8: =$H$4*C8 -> 485.01979 | J8: =$J$4*C8 -> 252.61419 | L8: =$L$4*C8 -> 693.10148 | N8: =$N$4*C8 -> 529.61104 | P8: =$P$4*C8 -> 365.72862 | R8: =$R$4*C8 -> 458.47795 | T8: =SUM(D8:S8) -> 3741.9078
B11: 2. Weightage for RC WALLS
B12: Stage / Segment | C12: Hight | D12: Segment1 | F12: Segment 2 | H12: Segment 3 | J12: Segment 4 | L12: Segment 5 | N12: Segment 6 | P12: Segment 7 | R12: Segment 8 | T12: Total Actual progress
B13: Area | D13: 86.2142 | F13: 117.4783 | H13: 103.1957 | J13: 53.7477 | L13: =128.5367+13.5317+5.4 -> 147.4684 | N13: 112.6832 | P13: 77.8146 | R13: 97.5485 | T13: =SUM(D13:R13) -> 796.1506
D14: Weightage | E14: Actual progress | F14: Weightage | G14: Actual progress | H14: Weightage | I14: Actual progress | J14: Weightage | K14: Actual progress | L14: Weightage | M14: Actual progress | N14: Weightage | O14: Actual progress | P14: Weightage | Q14: Actual progress | R14: Weightage | S14: Actual progress | T14: Total
B15: Stage 1 (1.5m) | C15: 1.5 | D15: =(D5+E5)/$T$5 -> 0.10107385 | E15: 1 | F15: =(F5+G5)/$T$5 -> 0.15997654 | G15: 0.5 | H15: =(H5+I5)/$T$5 -> 0.12375716 | I15: 0.15 | J15: =(J5+K5)/$T$5 -> 0.057565309 | L15: =(L5+M5)/$T$5 -> 0.18214349 | N15: =(N5+O5)/$T$5 -> 0.1598768 | P15: =(P5+Q5)/$T$5 -> 0.11148119 | R15: =(R5+S5)/$T$5 -> 0.10412567 | T15: =(E15*D15)+(G15*F15)+(I15*H15)+(K15*J15)+(M15*L15)+(O15*N15)+(Q15*P15)+(S15*R15) -> 0.19962569
B16: Stage 2 (4.3m) | C16: 4.3 | D16: =D6/$T$6 -> 0.10828881 | F16: =F6/$T$6 -> 0.14755789 | H16: =H6/$T$6 -> 0.12961832 | J16: =J6/$T$6 -> 0.067509464 | L16: =L6/$T$6 -> 0.18522676 | N16: =N6/$T$6 -> 0.14153503 | P16: =P6/$T$6 -> 0.097738543 | R16: =R6/$T$6 -> 0.12252519 | T16: =(E16*D16)+(G16*F16)+(I16*H16)+(K16*J16)+(M16*L16)+(O16*N16)+(Q16*P16)+(S16*R16) -> 0
B17: Stage 3 (4.3m) | C17: 4.3 | D17: =D7/$T$7 -> 0.10828881 | F17: =F7/$T$7 -> 0.14755789 | H17: =H7/$T$7 -> 0.12961832 | J17: =J7/$T$7 -> 0.067509464 | L17: =L7/$T$7 -> 0.18522676 | N17: =N7/$T$7 -> 0.14153503 | P17: =P7/$T$7 -> 0.097738543 | R17: =R7/$T$7 -> 0.12252519 | T17: =(E17*D17)+(G17*F17)+(I17*H17)+(K17*J17)+(M17*L17)+(O17*N17)+(Q17*P17)+(S17*R17) -> 0
B18: Stage 4 (4.7m) | C18: 4.7 | D18: =D8/$T$8 -> 0.10828881 | F18: =F8/$T$8 -> 0.14755789 | H18: =H8/$T$8 -> 0.12961832 | J18: =J8/$T$8 -> 0.067509464 | L18: =L8/$T$8 -> 0.18522676 | N18: =N8/$T$8 -> 0.14153503 | P18: =P8/$T$8 -> 0.097738543 | R18: =R8/$T$8 -> 0.12252519 | T18: =(E18*D18)+(G18*F18)+(I18*H18)+(K18*J18)+(M18*L18)+(O18*N18)+(Q18*P18)+(S18*R18) -> 0

Sheet Breakdown for Raft found
C3: Area (m^2) | D3: Volume (m^3) | F3: Steel progress | G3: Concret progress | H3: Site progreess | J3: Steel fixing Watage | K3: 0.75
A4: Part-01 | B4: Strip 1 | C4: 544.9 | D4: =1.75*C4 -> 953.575 | E4: =D4/$D$9 -> 0.31610003 | F4: 1 | G4: 1 | H4: =(F4*$K$3+K4*$G$4) -> 1 | J4: Pouring for Raft Foundation Watage | K4: 0.25
B5: Strip 7 | C5: 645.86 | D5: =1.75*C5 -> 1130.255 | E5: =D5/$D$9 -> 0.37466758 | F5: 1 | G5: 1 | H5: =(F5*$K$3+$K$4*G5) -> 1
B6: Strip 2 | C6: 212.57 | D6: =1.75*C6 -> 371.9975 | E6: =D6/$D$9 -> 0.12331324 | F6: 1 | G6: 1 | H6: =(F6*$K$3+$K$4*G6) -> 1
B7: Strip 6 | C7: 251.92 | D7: =1.75*C7 -> 440.86 | E7: =D7/$D$9 -> 0.14614043 | F7: 0.95 | H7: =(F7*$K$3+$K$4*G7) -> 0.7125
B8: Water Chamber | C8: 200 | D8: =0.6*C8 -> 120 | E8: =D8/$D$9 -> 0.039778731 | F8: 0.2
A9: Total | C9: =SUM(C4:C8) -> 1855.25 | D9: =SUM(D4:D8) -> 3016.6875 | E9: =SUM(E4:E8) -> 1 | H9: =(E4*H4)+(E5*H5)+(E6*H6)+(E7*H7) -> 0.9182059
A10: Part-02 | B10: Strip 3 | C10: 143.46 | D10: =1.75*C10 -> 251.055 | E10: =D10/$D$15 -> 0.08967427 | F10: 0.8 | G10: 0 | H10: =(F10*$K$3)+(G10*$K$4) -> 0.6
B11: Strip 4 | C11: 488.61 | D11: =1.75*C11 -> 855.0675 | E11: =D11/$D$15 -> 0.30542134 | F11: 0.7 | H11: =(F11*$K$3)+(G11*$K$4) -> 0.525
B12: Strip 5 | C12: 368.04 | D12: =1.75*C12 -> 644.07 | E12: =D12/$D$15 -> 0.23005519 | F12: 0.5 | H12: =(F12*$K$3)+(G12*$K$4) -> 0.375
B13: Strip 2 | C13: 249.81 | D13: =1.75*C13 -> 437.1675 | E13: =D13/$D$15 -> 0.15615174 | F13: 1 | G13: 1 | H13: =(F13*$K$3)+(G13*$K$4) -> 1
B14: Strip 6 | C14: 349.87 | D14: =1.75*C14 -> 612.2725 | E14: =D14/$D$15 -> 0.21869745 | F14: 0.95 | H14: =(F14*$K$3)+(G14*$K$4) -> 0.7125
A15: Total | C15: 1599.79 | D15: =SUM(D10:D14) -> 2799.6325 | E15: =SUM(E10:E14) -> 1 | H15: =(E11*H11)+(E12*H12)+(E13*H13)+(E14*H14)+(E10*H10) -> 0.61239514
B18: Area (m^2) | C18: Thikness (m) | D18: Volume (m^3)
A19: Strip 1 | B19: 544.92 | C19: 1.75 | D19: =B19*C19 -> 953.61 | E19: =D19/$D$28 -> 0.16395468
A20: Strip 2 | B20: 462.38 | C20: 1.75 | D20: =B20*C20 -> 809.165 | E20: =D20/$D$28 -> 0.13912017
A21: Strip 3 | B21: 143.46 | C21: 1.75 | D21: =B21*C21 -> 251.055 | E21: =D21/$D$28 -> 0.04316402
A22: Strip 4 | B22: 488.61 | C22: 1.75 | D22: =B22*C22 -> 855.0675 | E22: =D22/$D$28 -> 0.14701221
A23: Strip 5 | B23: 368.04 | C23: 1.75 | D23: =B23*C23 -> 644.07 | E23: =D23/$D$28 -> 0.1107353
A24: Strip 6 | B24: 601.76 | C24: 1.75 | D24: =B24*C24 -> 1053.08 | E24: =D24/$D$28 -> 0.18105661
A25: Strip 7 | B25: 645.86 | C25: 1.75 | D25: =B25*C25 -> 1130.255 | E25: =D25/$D$28 -> 0.19432535
A26: Water Chamber | B26: 200 | C26: 0.6 | D26: =B26*C26 -> 120 | E26: =D26/$D$28 -> 0.020631664
A28: Total | B28: =SUM(B19:B26) -> 3455.03 | D28: =SUM(D19:D26) -> 5816.3025 | E28: =SUM(E19:E27) -> 1

Sheet Sheet2
A1: Activity ID | B1: Activity Name | C1: Original Duration | D1: Remaining Duration | E1: Start | F1: Finish | G1: Schedule % Complete | H1: Performance % Complete | I1: Total Float
A2: KAFD00330-636-SBC-UP-261029KAFD00330 | 636 | SBC-Update-29-Oct-26 | C2: 547 | D2: 269 | E2: 01-Oct-25 A | F2: 46593 | G2: 0.2343 | H2: 0.4691 | I2: -116
A3: KAFD00330-636-SBC-UP-261029.1Project Milestones | C3: 360 | D3: 249 | E3: 01-Oct-25 A | F3: 46593 | G3: 0 | H3: 0 | I3: -116
A4: KAFD00330-636-SBC-UP-261029.1.1Key Milestone | C4: 360 | D4: 0 | E4: 01-Oct-25 A | F4: 46593 | G4: 0 | H4: 0 | I4: -116
A5: MS.COM.GEN.1000 | B5: Commencement date | C5: 0 | D5: 0 | E5: 01-Oct-25 A | G5: 1 | H5: 1
A6: MS.COM.GEN.1005 | B6: Project Completion | C6: 0 | D6: 0 | F6: 46593 | G6: 0 | H6: 0 | I6: -116
A7: KAFD00330-636-SBC-UP-261029.1.2Control Milestone | C7: 230 | D7: 230 | E7: 46344 | F7: 46574 | G7: 0 | H7: 0 | I7: -97
A8: MS.COM.GEN.1015 | B8: Completion of Shop Drawings | C8: 0 | D8: 0 | F8: 46344 | G8: 0 | H8: 0 | I8: 133
A9: MS.COM.GEN.1030 | B9: Completion of Intermediate Pump Station Construction Works | C9: 0 | D9: 0 | F9: 46413 | G9: 0 | H9: 0 | I9: 64
A10: MS.COM.GEN.1045 | B10: Completion of Material Delivery | C10: 0 | D10: 0 | F10: 46416 | G10: 0 | H10: 0 | I10: 61
A11: MS.COM.GEN.1025 | B11: Completion of Mobilization Works | C11: 0 | D11: 0 | F11: 46462 | G11: 0 | H11: 0 | I11: 15
A12: MS.COM.GEN.1035 | B12: Completion of Collection system Construction Works | C12: 0 | D12: 0 | F12: 46491 | G12: 0 | H12: 0 | I12: -14
A13: MS.COM.GEN.1040 | B13: Completion of RO Plaint Construction Works | C13: 0 | D13: 0 | F13: 46574 | G13: 0 | H13: 0 | I13: -97
A14: KAFD00330-636-SBC-UP-261029.2General (Preliminaries and Mobilization) | C14: 547 | D14: 153 | E14: 01-Oct-25 A | F14: 46477 | G14: 0.1338 | H14: 0.5588 | I14: 0
A15: KAFD00330-636-SBC-UP-261029.2.1Mobilization Works | C15: 210 | D15: 28 | E15: 11-Jun-26 A | F15: 46462 | G15: 0 | H15: 0.1773 | I15: 13
A16: MO.GEN.D01.1005 | B16: Site Access, Routes & Directive Signage | C16: 10 | D16: 6 | E16: 11-Jun-26 A | F16: 46432 | G16: 0 | H16: 0.4164 | I16: 13
A17: MO.GEN.D01.1015 | B17: Site Offices Furnitures | C17: 12 | D17: 10 | E17: 11-Jun-26 A | F17: 46436 | G17: 0 | H17: 0.1401 | I17: 13
A18: MO.GEN.D01.1030 | B18: Temporary Facilities and Devices for Offices | C18: 20 | D18: 19 | E18: 11-Jun-26 A | F18: 46448 | G18: 0 | H18: 0.0697 | I18: 13
A19: MO.GEN.D01.1006 | B19: Waste Disposal & Enviremental Protection | C19: 15 | D19: 8 | E19: 11-Jun-26 A | F19: 46434 | G19: 0 | H19: 0.4602 | I19: 13
A20: MO.GEN.D01.1007 | B20: Administrative Site Offices and Facilities | C20: 30 | D20: 28 | E20: 11-Jun-26 A | F20: 46462 | G20: 0 | H20: 0.12 | I20: 13
A21: MO.GEN.D01.1011 | B21: Temporary Utilities Installation | C21: 25 | D21: 23 | E21: 25-Jun-26 A | F21: 46453 | G21: 0 | H21: 0.12 | I21: 18
A22: MO.GEN.D01.1008 | B22: Site Laboratory | C22: 12 | D22: 10 | E22: 25-Jun-26 A | F22: 46436 | G22: 0 | H22: 0.15 | I22: 31
A23: MO.GEN.D01.1009 | B23: Temporary roads and Signs | C23: 10 | D23: 6 | E23: 25-Jun-26 A | F23: 46432 | G23: 0 | H23: 0.4602 | I23: 35
A24: KAFD00330-636-SBC-UP-261029.2.2General Requirements | C24: 547 | D24: 153 | E24: 01-Oct-25 A | F24: 46477 | G24: 0.2023 | H24: 0.7543 | I24: 0
A25: GN.GEN.D01.1010 | B25: Preliminaries for contractors and administrative works | C25: 547 | D25: 153 | E25: 01-Oct-25 A | F25: 46477 | G25: 0.2303 | H25: 0.7203 | I25: 0
A26: GN.GEN.D01.1020 | B26: Performance Security | C26: 15 | D26: 0 | E26: 16-Apr-26 A | F26: 27-May-26 A | G26: 0 | H26: 1
A27: GN.GEN.D01.1025 | B27: Advance Payment Security | C27: 20 | D27: 0 | E27: 16-Apr-26 A | F27: 27-May-26 A | G27: 0 | H27: 1
A28: KAFD00330-636-SBC-UP-261029.3Engineering | C28: 298 | D28: 19 | E28: 01-Oct-25 A | F28: 46344 | G28: 0.4505 | H28: 0.9571 | I28: 98
A29: KAFD00330-636-SBC-UP-261029.3.1RO Plant | C29: 254 | D29: 19 | E29: 01-Oct-25 A | F29: 46344 | G29: 0.5215 | H29: 0.9563 | I29: 98
A30: KAFD00330-636-SBC-UP-261029.3.1.1RO Plant Shop Drawing Submittal | C30: 213 | D30: 9 | E30: 01-Oct-25 A | F30: 46335 | G30: 0.504 | H30: 0.9875 | I30: 91
A31: KAFD00330-636-SBC-UP-261029.3.1.1.1Earthworks Shop Drawing Submittal | C31: 60 | D31: 0 | E31: 01-Oct-25 A | F31: 26-Nov-25 A | G31: 1 | H31: 1
A32: EN.RO.D31.SDS.1215 | B32: RO l Submission of Excavation Works shop drawing | C32: 20 | D32: 0 | E32: 01-Oct-25 A | F32: 20-Oct-25 A | G32: 1 | H32: 1
A33: EN.RO.D31.SDS.1220 | B33: RO l Submission of Concrete Piles shop drawing | C33: 20 | D33: 0 | E33: 05-Nov-25 A | F33: 26-Nov-25 A | G33: 1 | H33: 1
A34: EN.RO.D31.SDS.1225 | B34: RO l Submission of Prestressed anchors shop drawing | C34: 20 | D34: 0 | E34: 20-Nov-25 A | F34: 26-Nov-25 A | G34: 1 | H34: 1
A35: KAFD00330-636-SBC-UP-261029.3.1.1.2Concrete Shop Drawing Submittal | C35: 122 | D35: 0 | E35: 13-Nov-25 A | F35: 29-Apr-26 A | G35: 0.9136 | H35: 1
A36: EN.RO.D03.SDS.1000 | B36: RO l Submission of Raft Foundation shop drawing | C36: 12 | D36: 0 | E36: 13-Nov-25 A | F36: 24-Dec-25 A | G36: 1 | H36: 1
A37: EN.RO.D03.SDS.1005 | B37: RO l Submission of Tank walls shop drawing | C37: 18 | D37: 0 | E37: 04-Dec-25 A | F37: 21-Jan-26 A | G37: 1 | H37: 1
A38: EN.RO.D03.SDS.1050 | B38: RO l Submission of Tank slab shop drawing | C38: 8 | D38: 0 | E38: 01-Jan-26 A | F38: 21-Jan-26 A | G38: 1 | H38: 1
A39: EN.RO.D03.SDS.1010 | B39: RO l Submission of Columns shop drawing Gf | C39: 6 | D39: 0 | E39: 12-Feb-26 A | F39: 24-Feb-26 A | G39: 1 | H39: 1
A40: EN.RO.D03.SDS.1015 | B40: RO l Submission of Columns shop drawing 1st | C40: 6 | D40: 0 | E40: 19-Feb-26 A | F40: 25-Feb-26 A | G40: 0 | H40: 1
A41: EN.RO.D03.SDS.1020 | B41: RO l Submission of Columns shop drawing 2nd | C41: 6 | D41: 0 | E41: 19-Feb-26 A | F41: 25-Feb-26 A | G41: 0 | H41: 1
A42: EN.RO.D03.SDS.1030 | B42: RO l Submission of Concrete Slab shop drawing GF | C42: 8 | D42: 0 | E42: 19-Feb-26 A | F42: 25-Feb-26 A | G42: 0.375 | H42: 1
A43: EN.RO.D03.SDS.1035 | B43: RO l Submission of Concrete Slab shop drawing 1st | C43: 8 | D43: 0 | E43: 26-Feb-26 A | F43: 04-Mar-26 A | G43: 0 | H43: 1
A44: EN.RO.D03.SDS.1040 | B44: RO l Submission of Concrete Slab shop drawing 2nd | C44: 18 | D44: 0 | E44: 26-Feb-26 A | F44: 04-Mar-26 A | G44: 0 | H44: 1
A45: EN.RO.D03.SDS.1045 | B45: RO l Submission of Floor & Roof screed shop drawing | C45: 18 | D45: 0 | E45: 23-Apr-26 A | F45: 29-Apr-26 A | G45: 0 | H45: 1
A46: EN.RO.D03.SDS.1025 | B46: RO l Submission of Slab on grade shop drawing | C46: 10 | D46: 0 | E46: 23-Apr-26 A | F46: 29-Apr-26 A | G46: 0 | H46: 1
A47: KAFD00330-636-SBC-UP-261029.3.1.1.3Masonry Shop Drawing Submittal | C47: 21 | D47: 0 | E47: 22-Jan-26 A | F47: 04-Feb-26 A | G47: 0 | H47: 1
A48: EN.RO.D04.SDS.1055 | B48: RO l Submission of Masonary works shop drawing | C48: 14 | D48: 0 | E48: 22-Jan-26 A | F48: 28-Jan-26 A | G48: 0 | H48: 1
A49: EN.RO.D04.SDS.1060 | B49: RO l Submission of Stone cladding shop drawing | C49: 7 | D49: 0 | E49: 29-Jan-26 A | F49: 04-Feb-26 A | G49: 0 | H49: 1
A50: KAFD00330-636-SBC-UP-261029.3.1.1.4Metal Shop Drawing Submittal | C50: 14 | D50: 0 | E50: 30-Apr-26 A | F50: 13-May-26 A | G50: 0 | H50: 1
A51: EN.RO.D05.SDS.1065 | B51: RO l Submission of Structural steel works | C51: 14 | D51: 0 | E51: 30-Apr-26 A | F51: 13-May-26 A | G51: 0 | H51: 1
A52: KAFD00330-636-SBC-UP-261029.3.1.1.5Thermal Protection Shop Drawing Submittal | C52: 38 | D52: 0 | E52: 15-Jan-26 A | F52: 17-Jun-26 A | G52: 0 | H52: 1
A53: EN.RO.D07.SDS.1080 | B53: RO l Submission of Concrete tiles shop drawing | C53: 16 | D53: 0 | E53: 15-Jan-26 A | F53: 21-Jan-26 A | G53: 0 | H53: 1
A54: EN.RO.D07.SDS.1075 | B54: RO l Submission of Canopy aluminium cladding shop drawing | C54: 16 | D54: 0 | E54: 07-May-26 A | F54: 17-Jun-26 A | G54: 0 | H54: 1
A55: EN.RO.D07.SDS.1070 | B55: RO l Submission of Aluminium panels cladding shop drawing | C55: 12 | D55: 0 | E55: 21-May-26 A | F55: 17-Jun-26 A | G55: 0 | H55: 1
A56: KAFD00330-636-SBC-UP-261029.3.1.1.6Openings Shop Drawing Submittal | C56: 12 | D56: 0 | E56: 12-Feb-26 A | F56: 01-Jul-26 A | G56: 0 | H56: 1
A57: EN.RO.D08.SDS.1085 | B57: RO l Submission of Steel doors shop drawing | C57: 12 | D57: 0 | E57: 12-Feb-26 A | F57: 18-Feb-26 A | G57: 0 | H57: 1
A58: EN.RO.D08.SDS.1090 | B58: RO l Submission of Aluminum windows & Louvers shop drawing | C58: 12 | D58: 0 | E58: 17-Mar-26 A | F58: 01-Jul-26 A | G58: 0 | H58: 1
A59: KAFD00330-636-SBC-UP-261029.3.1.1.7Finishes Shop Drawing Submittal | C59: 30 | D59: 0 | E59: 15-Jan-26 A | F59: 01-Jul-26 A | G59: 0 | H59: 1
A60: EN.RO.D09.SDS.1100 | B60: RO l Submission of Floor Works shop drawing | C60: 16 | D60: 0 | E60: 15-Jan-26 A | F60: 21-Jan-26 A | G60: 0 | H60: 1
A61: EN.RO.D09.SDS.1095 | B61: RO l Submission of Gypsum board Works shop drawing | C61: 16 | D61: 0 | E61: 09-Feb-26 A | F61: 01-Jul-26 A | G61: 0 | H61: 1
A62: KAFD00330-636-SBC-UP-261029.3.1.1.8Elevator Shop Drawing Submittal | C62: 10 | D62: 0 | E62: 14-May-26 A | F62: 20-May-26 A | G62: 0 | H62: 1
A63: EN.RO.D14.SDS.1105 | B63: RO l Submission of Elevators shop drawing | C63: 10 | D63: 0 | E63: 14-May-26 A | F63: 20-May-26 A | G63: 0 | H63: 1
A64: KAFD00330-636-SBC-UP-261029.3.1.1.9Fire Supperssion Shop Drawing Submittal | C64: 64 | D64: 0 | E64: 01-Jan-26 A | F64: 29-Apr-26 A | G64: 0 | H64: 1
A65: EN.RO.D21.SDS.1115 | B65: RO l Submission of Fire Suppression shop drawing GF | C65: 10 | D65: 0 | E65: 01-Jan-26 A | F65: 28-Jan-26 A | G65: 0 | H65: 1
A66: EN.RO.D21.SDS.1125 | B66: RO l Submission of Fire Suppression shop drawing 2nd | C66: 10 | D66: 0 | E66: 12-Mar-26 A | F66: 18-Mar-26 A | G66: 0 | H66: 1
A67: EN.RO.D21.SDS.1120 | B67: RO l Submission of Fire Suppression shop drawing 1st | C67: 10 | D67: 0 | E67: 12-Mar-26 A | F67: 18-Mar-26 A | G67: 0 | H67: 1
A68: EN.RO.D21.SDS.1110 | B68: RO l Submission of Fire Suppression for Pump room shop drawing | C68: 10 | D68: 0 | E68: 23-Apr-26 A | F68: 29-Apr-26 A | G68: 0 | H68: 1
A69: KAFD00330-636-SBC-UP-261029.3.1.1.10Plumbing Shop Drawing Submittal | C69: 39 | D69: 0 | E69: 29-Jan-26 A | F69: 15-Mar-26 A | G69: 0 | H69: 1
A70: EN.RO.D22.SDS.1135 | B70: RO l Submission of Domestic water piping shop drawing | C70: 10 | D70: 0 | E70: 29-Jan-26 A | F70: 04-Feb-26 A | G70: 0 | H70: 1
A71: EN.RO.D22.SDS.1130 | B71: RO l Submission of Vibration & Seismic controls For Plumbingshop drawing | C71: 10 | D71: 0 | E71: 07-Feb-26 A | F71: 11-Feb-26 A | G71: 0 | H71: 1
A72: EN.RO.D22.SDS.1140 | B72: RO l Submission of Plumbing Valves shop drawing | C72: 7 | D72: 0 | E72: 07-Feb-26 A | F72: 11-Feb-26 A | G72: 0 | H72: 1
A73: EN.RO.D22.SDS.1145 | B73: RO l Submission of Sanitary Pipes shop drawing | C73: 12 | D73: 0 | E73: 12-Feb-26 A | F73: 15-Mar-26 A | G73: 0 | H73: 1
A74: KAFD00330-636-SBC-UP-261029.3.1.1.11HVAC System Shop Drawing Submittal | C74: 36 | D74: 0 | E74: 12-Feb-26 A | F74: 04-Mar-26 A | G74: 0 | H74: 1
A75: EN.RO.D23.SDS.1150 | B75: RO l Submission of HVAC System shop drawing GF | C75: 12 | D75: 0 | E75: 12-Feb-26 A | F75: 18-Feb-26 A | G75: 0 | H75: 1
A76: EN.RO.D23.SDS.1155 | B76: RO l Submission of HVAC System shop drawing 1st | C76: 12 | D76: 0 | E76: 26-Feb-26 A | F76: 04-Mar-26 A | G76: 0 | H76: 1
A77: EN.RO.D23.SDS.1160 | B77: RO l Submission of HVAC System shop drawing 2nd | C77: 12 | D77: 0 | E77: 26-Feb-26 A | F77: 04-Mar-26 A | G77: 0 | H77: 1
A78: KAFD00330-636-SBC-UP-261029.3.1.1.12Electrical System Shop Drawing Submittal | C78: 43 | D78: 0 | E78: 15-Jan-26 A | F78: 13-May-26 A | G78: 0 | H78: 1
A79: EN.RO.D26.SDS.1175 | B79: RO l Submission of Lightning & Earthing shop drawing | C79: 6 | D79: 0 | E79: 15-Jan-26 A | F79: 21-Jan-26 A | G79: 0 | H79: 1
A80: EN.RO.D26.SDS.1190 | B80: RO l Submission of lighting system shop drawing | C80: 9 | D80: 0 | E80: 15-Jan-26 A | F80: 21-Jan-26 A | G80: 0 | H80: 1
A81: EN.RO.D26.SDS.1180 | B81: RO l Submission of Power system shop drawing | C81: 6 | D81: 0 | E81: 12-Mar-26 A | F81: 18-Mar-26 A | G81: 0 | H81: 1
A82: EN.RO.D26.SDS.1185 | B82: RO l Submission of Cable routing shop drawing | C82: 12 | D82: 0 | E82: 26-Mar-26 A | F82: 01-Apr-26 A | G82: 0 | H82: 1
A83: EN.RO.D26.SDS.1165 | B83: RO l Submission of Panel board shop drawing | C83: 10 | D83: 0 | E83: 16-Apr-26 A | F83: 22-Apr-26 A | G83: 0 | H83: 1
A84: EN.RO.D26.SDS.1170 | B84: RO l Submission of UPS System shop drawing | C84: 10 | D84: 0 | E84: 07-May-26 A | F84: 13-May-26 A | G84: 0 | H84: 1
A85: KAFD00330-636-SBC-UP-261029.3.1.1.13Low Current Shop Drawing Submittal | C85: 12 | D85: 0 | E85: 26-Feb-26 A | F85: 04-Mar-26 A | G85: 0 | H85: 1
A86: EN.RO.D27.SDS.1195 | B86: RO l Submission of Communication System shop drawing | C86: 12 | D86: 0 | E86: 26-Feb-26 A | F86: 04-Mar-26 A | G86: 0 | H86: 1
A87: KAFD00330-636-SBC-UP-261029.3.1.1.14Security Shop Drawing Submittal | C87: 42 | D87: 0 | E87: 16-Apr-26 A | F87: 13-May-26 A | G87: 0 | H87: 1
A88: EN.RO.D28.SDS.1205 | B88: RO l Submission of CCTV system shop drawing | C88: 14 | D88: 0 | E88: 16-Apr-26 A | F88: 22-Apr-26 A | G88: 0 | H88: 1
A89: EN.RO.D28.SDS.1210 | B89: RO l Submission of Fire alarm system shop drawing | C89: 14 | D89: 0 | E89: 23-Apr-26 A | F89: 29-Apr-26 A | G89: 0 | H89: 1
A90: EN.RO.D28.SDS.1200 | B90: RO l Submission of Access control shop drawing | C90: 14 | D90: 0 | E90: 07-May-26 A | F90: 13-May-26 A | G90: 0 | H90: 1
A91: KAFD00330-636-SBC-UP-261029.3.1.1.15Exterior Improvement Shop Drawing Submittal | C91: 18 | D91: 9 | E91: 16-Apr-26 A | F91: 46335 | G91: 0 | H91: 0.5 | I91: 50
A92: EN.RO.D32.SDS.1230 | B92: RO l Submission of Precast concrete shop drawing | C92: 18 | D92: 9 | E92: 16-Apr-26 A | F92: 46335 | G92: 0 | H92: 0.5 | I92: 50
A93: KAFD00330-636-SBC-UP-261029.3.1.1.16Special System Shop Drawing Submittal | C93: 50 | D93: 0 | E93: 16-Apr-26 A | F93: 29-Apr-26 A | G93: 0 | H93: 1
A94: EN.RO.D33.SDS.1235 | B94: RO l Submission of (BWRO) Plant shop drawing | C94: 50 | D94: 0 | E94: 16-Apr-26 A | F94: 29-Apr-26 A | G94: 0 | H94: 1
A95: KAFD00330-636-SBC-UP-261029.3.1.1.17SCADA Shop Drawing Submittal | C95: 15 | D95: 8 | E95: 27-Aug-26 A | F95: 46334 | G95: 1 | H95: 0.5 | I95: 83
A96: EN.RO.D40.SDS.1240 | B96: RO l Submission of SCDA system shop drawing | C96: 15 | D96: 8 | E96: 27-Aug-26 A | F96: 46334 | G96: 1 | H96: 0.5 | I96: 83
A97: KAFD00330-636-SBC-UP-261029.3.1.2RO Plant Shop Drawing Approval | C97: 178 | D97: 14 | E97: 22-Oct-25 A | F97: 46344 | G97: 0.5389 | H97: 0.9251 | I97: 69
A98: KAFD00330-636-SBC-UP-261029.3.1.2.1Concrete Shop Drawing Approval | C98: 110 | D98: 3 | E98: 18-Dec-25 A | F98: 46329 | G98: 0.8699 | H98: 0.9968 | I98: 44
A99: EN.RO.D03.SDA.1000 | B99: RO l Approval of Raft Foundation shop drawing | C99: 14 | D99: 0 | E99: 18-Dec-25 A | F99: 23-Feb-26 A | G99: 1 | H99: 1
A100: EN.RO.D03.SDA.1005 | B100: RO l Approval of Tank walls shop drawing | C100: 14 | D100: 0 | E100: 29-Jan-26 A | F100: 25-Mar-26 A | G100: 1 | H100: 1
...
